,Close
2014-09-16,107.15000
2014-09-17,108.51600
2014-09-18,108.80000
2014-09-21,108.94000
2014-09-22,108.75000
2014-09-23,108.54200
2014-09-24,109.31600
2014-09-25,108.61000
2014-09-28,109.41100
2014-09-29,109.39000
2014-09-30,109.66000
2014-10-01,109.02000
2014-10-02,108.52300
2014-10-05,109.80200
2014-10-06,108.86800
2014-10-07,108.07200
2014-10-08,108.12700
2014-10-09,107.83000
2014-10-12,107.33800
2014-10-13,107.06300
2014-10-14,107.31400
2014-10-15,105.98000
2014-10-16,106.40500
2014-10-19,107.14400
2014-10-20,106.91000
2014-10-21,107.02100
2014-10-22,107.14800
2014-10-23,108.16100
2014-10-26,108.20200
2014-10-27,107.84300
2014-10-28,108.11200
2014-10-29,108.84600
2014-10-30,109.21300
2014-11-02,112.84100
2014-11-03,113.64800
2014-11-04,113.48000
2014-11-05,114.65500
2014-11-06,115.17600
2014-11-09,114.53300
2014-11-10,114.75300
2014-11-11,115.72100
2014-11-12,115.57000
2014-11-13,115.82400
2014-11-16,116.89600
2014-11-17,116.64600
2014-11-18,116.86900
2014-11-19,118.14800
2014-11-20,118.23600
2014-11-23,117.74400
2014-11-24,118.45400
2014-11-25,117.80100
2014-11-26,117.63000
2014-11-27,117.84000
2014-11-30,118.86400
2014-12-01,118.30800
2014-12-02,119.19400
2014-12-03,119.86100
2014-12-04,119.81200
2014-12-07,121.56100
2014-12-08,120.65000
2014-12-09,119.34200
2014-12-10,117.70900
2014-12-11,119.00700
2014-12-14,118.16500
2014-12-15,117.74100
2014-12-16,116.61300
2014-12-17,118.79600
2014-12-18,118.93800
2014-12-21,119.49700
2014-12-22,120.15000
2014-12-23,120.69000
2014-12-24,120.45900
2014-12-25,120.37000
2014-12-28,120.42400
2014-12-29,120.63200
2014-12-30,119.45800
2014-12-31,119.67300
2015-01-01,119.87000
2015-01-04,120.43400
2015-01-05,119.42500
2015-01-06,118.67300
2015-01-07,119.28900
2015-01-08,119.79200
2015-01-11,118.21200
2015-01-12,118.32800
2015-01-13,117.79500
2015-01-14,117.39000
2015-01-15,116.13000
2015-01-18,117.56000
2015-01-19,117.71200
2015-01-20,118.64900
2015-01-21,117.86000
2015-01-22,118.75100
2015-01-25,117.36100
2015-01-26,118.52000
2015-01-27,117.77500
2015-01-28,117.59200
2015-01-29,118.24800
2015-02-01,117.18400
2015-02-02,117.57500
2015-02-03,117.64600
2015-02-04,117.28800
2015-02-05,117.53500
2015-02-08,118.97000
2015-02-09,118.56300
2015-02-10,119.35800
2015-02-11,120.17000
2015-02-12,118.91600
2015-02-15,118.57000
2015-02-16,118.49200
2015-02-17,119.20800
2015-02-18,118.68900
2015-02-19,118.98800
2015-02-22,119.07600
2015-02-23,118.90300
2015-02-24,118.89200
2015-02-25,118.82200
2015-02-26,119.37700
2015-03-01,119.82600
2015-03-02,120.20400
2015-03-03,119.63700
2015-03-04,119.65100
2015-03-05,120.04500
2015-03-08,120.73900
2015-03-09,121.40800
2015-03-10,121.03800
2015-03-11,121.41100
2015-03-12,121.31800
2015-03-15,121.34300
2015-03-16,121.36700
2015-03-17,121.28000
2015-03-18,120.06400
2015-03-19,120.76200
2015-03-22,120.02700
2015-03-23,119.75000
2015-03-24,119.79100
2015-03-25,119.51800
2015-03-26,119.18300
2015-03-29,119.25000
2015-03-30,120.01300
2015-03-31,120.02200
2015-04-01,119.57400
2015-04-02,119.69700
2015-04-05,118.82300
2015-04-06,119.47700
2015-04-07,120.29000
2015-04-08,120.09400
2015-04-09,120.55000
2015-04-12,120.20900
2015-04-13,120.05900
2015-04-14,119.45700
2015-04-15,119.14300
2015-04-16,119.04400
2015-04-19,118.81800
2015-04-20,119.19500
2015-04-21,119.63300
2015-04-22,119.95000
2015-04-23,119.57100
2015-04-26,118.92700
2015-04-27,119.12600
2015-04-28,118.82300
2015-04-29,118.97000
2015-04-30,119.45200
2015-05-03,120.13600
2015-05-04,120.10000
2015-05-05,119.92200
2015-05-06,119.39700
2015-05-07,119.70900
2015-05-10,119.78000
2015-05-11,120.13100
2015-05-12,119.83500
2015-05-13,119.16000
2015-05-14,119.19100
2015-05-17,119.33000
2015-05-18,119.90000
2015-05-19,120.65200
2015-05-20,121.21200
2015-05-21,121.03900
2015-05-24,121.57100
2015-05-25,121.60000
2015-05-26,122.98600
2015-05-27,123.74000
2015-05-28,123.82000
2015-05-31,124.19300
2015-06-01,124.84700
2015-06-02,124.03600
2015-06-03,124.30400
2015-06-04,124.38000
2015-06-07,125.62900
2015-06-08,124.56300
2015-06-09,124.33900
2015-06-10,122.86600
2015-06-11,123.58100
2015-06-14,123.29000
2015-06-15,123.42000
2015-06-16,123.43900
2015-06-17,123.53000
2015-06-18,123.00200
2015-06-21,122.75100
2015-06-22,123.37900
2015-06-23,123.86000
2015-06-24,123.85100
2015-06-25,123.59800
2015-06-28,122.61200
2015-06-29,122.67000
2015-06-30,122.38600
2015-07-01,123.32000
2015-07-02,123.05900
2015-07-05,122.40700
2015-07-06,122.61100
2015-07-07,122.49000
2015-07-08,120.86200
2015-07-09,121.70000
2015-07-12,122.49600
2015-07-13,123.57000
2015-07-14,123.32000
2015-07-15,123.87000
2015-07-16,124.14900
2015-07-19,124.14200
2015-07-20,124.29400
2015-07-21,123.86000
2015-07-22,124.06800
2015-07-23,123.87600
2015-07-26,123.76300
2015-07-27,123.24000
2015-07-28,123.57600
2015-07-29,123.94000
2015-07-30,124.07100
2015-08-02,124.04000
2015-08-03,123.94500
2015-08-04,124.27400
2015-08-05,124.73000
2015-08-06,124.73400
2015-08-09,124.30000
2015-08-10,124.61300
2015-08-11,125.07000
2015-08-12,124.25500
2015-08-13,124.36300
2015-08-16,124.35000
2015-08-17,124.43800
2015-08-18,124.37100
2015-08-19,123.89700
2015-08-20,123.42000
2015-08-23,121.73200
2015-08-24,118.88400
2015-08-25,118.54000
2015-08-26,120.05800
2015-08-27,121.00300
2015-08-30,121.28900
2015-08-31,121.08900
2015-09-01,119.71500
2015-09-02,120.58000
2015-09-03,120.05600
2015-09-06,119.16400
2015-09-07,119.40300
2015-09-08,120.08900
2015-09-09,120.27800
2015-09-10,120.61900
2015-09-13,120.79600
2015-09-14,120.36000
2015-09-15,120.43400
2015-09-16,120.52300
2015-09-17,120.04600
2015-09-20,120.00100
2015-09-21,120.49800
2015-09-22,120.08000
2015-09-23,120.20000
2015-09-24,120.24000
2015-09-27,120.36800
2015-09-28,119.84000
2015-09-29,119.86000
2015-09-30,119.85900
2015-10-01,119.81000
2015-10-04,119.99500
2015-10-05,120.46100
2015-10-06,120.24000
2015-10-07,119.91500
2015-10-08,119.92900
2015-10-11,120.17900
2015-10-12,120.01100
2015-10-13,119.72000
2015-10-14,118.83000
2015-10-15,119.05000
2015-10-18,119.27000
2015-10-19,119.50300
2015-10-20,119.78000
2015-10-21,119.84200
2015-10-22,120.86000
2015-10-25,121.29600
2015-10-26,120.94900
2015-10-27,120.47700
2015-10-28,120.86000
2015-10-29,121.00000
2015-11-01,120.49500
2015-11-02,120.78800
2015-11-03,121.09500
2015-11-04,121.49000
2015-11-05,121.67000
2015-11-08,123.20000
2015-11-09,123.07700
2015-11-10,123.08400
2015-11-11,122.75700
2015-11-12,122.56000
2015-11-15,122.36400
2015-11-16,123.26600
2015-11-17,123.44500
2015-11-18,123.52500
2015-11-19,122.91200
2015-11-22,122.92300
2015-11-23,122.91500
2015-11-24,122.50500
2015-11-25,122.68000
2015-11-26,122.63400
2015-11-29,122.83000
2015-11-30,123.21000
2015-12-01,122.91500
2015-12-02,123.22600
2015-12-03,122.65300
2015-12-06,123.19000
2015-12-07,123.28000
2015-12-08,122.91200
2015-12-09,121.70000
2015-12-10,121.71000
2015-12-13,120.89300
2015-12-14,121.09000
2015-12-15,121.67500
2015-12-16,122.46300
2015-12-17,122.45000
2015-12-20,121.30000
2015-12-21,121.20600
2015-12-22,121.03000
2015-12-23,120.93500
2015-12-24,120.17000
2015-12-27,120.23100
2015-12-28,120.35000
2015-12-29,120.52900
2015-12-30,120.45000
2015-12-31,120.28800
2016-01-03,120.31100
2016-01-04,119.46700
2016-01-05,119.10200
2016-01-06,118.61000
2016-01-07,117.54000
2016-01-10,117.08000
2016-01-11,117.65000
2016-01-12,117.83000
2016-01-13,117.42500
2016-01-14,118.20300
2016-01-17,116.99000
2016-01-18,117.38400
2016-01-19,117.56500
2016-01-20,117.13400
2016-01-21,117.92400
2016-01-24,118.57200
2016-01-25,118.22800
2016-01-26,118.38000
2016-01-27,118.46700
2016-01-28,118.93000
2016-01-31,121.34000
2016-02-01,120.84000
2016-02-02,119.85600
2016-02-03,118.12000
2016-02-04,116.86600
2016-02-07,116.95000
2016-02-08,115.66800
2016-02-09,115.19100
2016-02-10,113.25200
2016-02-11,112.49700
2016-02-14,113.67000
2016-02-15,114.32200
2016-02-16,114.08000
2016-02-17,114.28000
2016-02-18,113.25000
2016-02-21,112.48900
2016-02-22,112.97100
2016-02-23,111.88000
2016-02-24,112.10100
2016-02-25,113.11800
2016-02-28,113.66000
2016-02-29,112.43000
2016-03-01,113.93000
2016-03-02,113.46600
2016-03-03,113.67000
2016-03-06,113.80300
2016-03-07,113.45200
2016-03-08,112.66000
2016-03-09,113.25300
2016-03-10,112.86000
2016-03-13,113.77800
2016-03-14,113.83000
2016-03-15,113.10500
2016-03-16,112.75200
2016-03-17,111.35000
2016-03-20,111.44500
2016-03-21,112.13900
2016-03-22,112.25200
2016-03-23,112.40000
2016-03-24,112.83000
2016-03-27,113.45000
2016-03-28,113.36400
2016-03-29,112.68000
2016-03-30,112.36600
2016-03-31,112.48000
2016-04-03,111.72200
2016-04-04,111.25000
2016-04-05,110.37800
2016-04-06,109.69900
2016-04-07,108.42700
2016-04-10,108.31100
2016-04-11,107.93000
2016-04-12,108.64000
2016-04-13,109.42000
2016-04-14,109.31600
2016-04-17,108.01700
2016-04-18,109.07300
2016-04-19,109.24000
2016-04-20,109.83800
2016-04-21,109.43700
2016-04-24,111.43600
2016-04-25,111.13600
2016-04-26,111.23000
2016-04-27,111.52000
2016-04-28,108.07600
2016-05-01,106.45300
2016-05-02,106.39600
2016-05-03,106.68000
2016-05-04,106.92000
2016-05-05,107.27500
2016-05-08,107.36000
2016-05-09,108.33100
2016-05-10,109.19400
2016-05-11,108.41500
2016-05-12,109.10000
2016-05-15,108.66100
2016-05-16,109.08000
2016-05-17,108.95000
2016-05-18,110.14000
2016-05-19,109.88100
2016-05-22,110.05000
2016-05-23,109.37400
2016-05-24,110.17000
2016-05-25,110.11100
2016-05-26,109.71300
2016-05-29,110.77000
2016-05-30,110.84100
2016-05-31,110.67000
2016-06-01,109.47700
2016-06-02,108.86000
2016-06-05,106.72100
2016-06-06,107.43800
2016-06-07,107.25400
2016-06-08,106.78000
2016-06-09,107.09000
2016-06-12,106.50400
2016-06-13,106.22600
2016-06-14,106.08700
2016-06-15,105.85000
2016-06-16,104.74300
2016-06-19,104.64800
2016-06-20,103.82400
2016-06-21,104.67000
2016-06-22,104.65000
2016-06-23,104.89600
2016-06-26,102.12700
2016-06-27,101.81200
2016-06-28,102.70100
2016-06-29,102.77800
2016-06-30,103.07300
2016-07-03,102.48800
2016-07-04,102.51800
2016-07-05,101.14100
2016-07-06,101.15000
2016-07-07,100.79000
2016-07-10,100.69200
2016-07-11,102.52400
2016-07-12,104.75600
2016-07-13,104.07600
2016-07-14,105.19100
2016-07-17,105.45900
2016-07-18,106.14600
2016-07-19,106.13700
2016-07-20,107.20400
2016-07-21,105.81100
2016-07-24,106.32600
2016-07-25,105.57800
2016-07-26,104.84900
2016-07-27,104.95100
2016-07-28,104.74500
2016-07-31,102.33200
2016-08-01,102.35900
2016-08-02,101.06800
2016-08-03,101.33700
2016-08-04,101.19900
2016-08-07,102.14500
2016-08-08,102.28800
2016-08-09,101.91500
2016-08-10,101.13300
2016-08-11,101.80800
2016-08-14,101.28300
2016-08-15,101.24000
2016-08-16,100.20000
2016-08-17,99.90600
2016-08-18,100.11200
2016-08-21,100.55400
2016-08-22,100.25100
2016-08-23,100.31100
2016-08-24,100.55200
2016-08-25,100.55500
2016-08-28,101.92000
2016-08-29,101.80900
2016-08-30,102.86800
2016-08-31,103.30200
2016-09-01,103.25800
2016-09-04,103.93400
2016-09-05,103.51000
2016-09-06,101.52500
2016-09-07,101.82900
2016-09-08,102.30600
2016-09-11,102.43800
2016-09-12,101.75100
2016-09-13,102.50400
2016-09-14,102.54800
2016-09-15,102.00800
2016-09-18,102.30700
2016-09-19,101.84600
2016-09-20,101.54700
2016-09-21,100.39300
2016-09-22,100.83100
2016-09-25,100.88900
2016-09-26,100.35900
2016-09-27,100.46800
2016-09-28,100.93500
2016-09-29,101.19900
2016-10-02,101.56300
2016-10-03,101.81700
2016-10-04,102.88000
2016-10-05,103.46000
2016-10-06,103.76500
2016-10-09,103.01800
2016-10-10,103.69700
2016-10-11,103.34200
2016-10-12,104.30400
2016-10-13,103.72200
2016-10-16,104.03900
2016-10-17,103.85100
2016-10-18,103.86500
2016-10-19,103.39100
2016-10-20,104.10900
2016-10-23,103.91700
2016-10-24,104.32100
2016-10-25,104.15400
2016-10-26,104.56300
2016-10-27,105.20900
2016-10-30,104.56500
2016-10-31,104.82000
2016-11-01,104.09200
2016-11-02,103.37800
2016-11-03,103.05200
2016-11-06,104.19500
2016-11-07,104.43800
2016-11-08,105.03000
2016-11-09,105.85300
2016-11-10,106.85600
2016-11-13,106.87100
2016-11-14,108.20200
2016-11-15,109.03800
2016-11-16,108.78500
2016-11-17,110.25600
2016-11-20,110.97300
2016-11-21,110.65000
2016-11-22,111.00600
2016-11-23,112.58200
2016-11-24,113.29200
2016-11-27,112.65200
2016-11-28,111.69000
2016-11-29,112.47000
2016-11-30,114.69400
2016-12-01,113.90900
2016-12-04,113.50500
2016-12-05,113.86300
2016-12-06,114.05200
2016-12-07,113.71300
2016-12-08,114.07500
2016-12-11,115.41200
2016-12-12,115.00200
2016-12-13,115.22400
2016-12-14,117.21100
2016-12-15,118.24100
2016-12-18,117.79100
2016-12-19,117.03700
2016-12-20,117.87500
2016-12-21,117.60400
2016-12-22,117.54200
2016-12-25,117.31000
2016-12-26,117.19200
2016-12-27,117.48000
2016-12-28,117.08700
2016-12-29,116.26700
2017-01-01,116.79500
2017-01-02,117.49500
2017-01-03,117.65900
2017-01-04,117.11300
2017-01-05,115.26500
2017-01-08,117.15000
2017-01-09,115.98500
2017-01-10,115.87200
2017-01-11,115.09800
2017-01-12,114.66400
2017-01-15,114.22700
2017-01-16,114.15200
2017-01-17,112.87800
2017-01-18,114.76200
2017-01-19,114.98000
2017-01-22,113.81000
2017-01-23,112.78000
2017-01-24,113.84000
2017-01-25,113.29300
2017-01-26,114.45500
2017-01-29,114.66800
2017-01-30,113.65000
2017-01-31,112.74300
2017-02-01,113.31100
2017-02-02,112.78900
2017-02-05,112.63900
2017-02-06,111.82700
2017-02-07,112.38700
2017-02-08,111.95200
2017-02-09,113.43400
2017-02-12,113.91400
2017-02-13,113.70500
2017-02-14,114.30100
2017-02-15,114.11200
2017-02-16,113.30500
2017-02-19,112.91100
2017-02-20,113.28000
2017-02-21,113.66900
2017-02-22,113.41700
2017-02-23,112.68200
2017-02-26,112.18800
2017-02-27,112.74500
2017-02-28,113.07700
2017-03-01,114.12100
2017-03-02,114.34200
2017-03-05,113.84700
2017-03-06,113.91700
2017-03-07,113.92600
2017-03-08,114.41100
2017-03-09,115.14900
2017-03-12,114.73200
2017-03-13,114.91500
2017-03-14,114.65900
2017-03-15,113.40200
2017-03-16,113.34000
2017-03-19,112.67400
2017-03-20,112.57300
2017-03-21,111.53200
2017-03-22,111.36900
2017-03-23,111.00400
2017-03-26,110.55200
2017-03-27,110.77100
2017-03-28,111.22600
2017-03-29,111.15400
2017-03-30,111.77600
2017-04-02,111.26500
2017-04-03,110.70900
2017-04-04,110.85400
2017-04-05,110.38100
2017-04-06,110.89700
2017-04-09,111.22500
2017-04-10,110.71700
2017-04-11,109.58700
2017-04-12,108.90200
2017-04-13,109.10100
2017-04-16,108.32300
2017-04-17,109.11200
2017-04-18,108.53500
2017-04-19,108.83400
2017-04-20,109.37500
2017-04-23,109.97800
2017-04-24,109.64100
2017-04-25,111.04600
2017-04-26,111.19100
2017-04-27,111.22600
2017-04-30,111.30200
2017-05-01,111.81200
2017-05-02,111.96900
2017-05-03,112.78300
2017-05-04,112.53700
2017-05-07,112.68400
2017-05-08,113.23000
2017-05-09,113.69800
2017-05-10,114.32800
2017-05-11,113.80900
2017-05-14,113.27100
2017-05-15,113.64200
2017-05-16,112.64600
2017-05-17,111.12600
2017-05-18,111.40100
2017-05-21,111.28400
2017-05-22,110.89100
2017-05-23,111.95700
2017-05-24,111.52400
2017-05-25,111.73000
2017-05-28,111.25600
2017-05-29,111.17400
2017-05-30,110.83900
2017-05-31,110.79600
2017-06-01,111.43700
2017-06-04,110.46300
2017-06-05,110.38100
2017-06-06,109.50900
2017-06-07,109.90000
2017-06-08,109.85900
2017-06-11,110.28800
2017-06-12,109.92100
2017-06-13,110.05500
2017-06-14,109.44600
2017-06-15,110.95200
2017-06-18,110.95400
2017-06-19,111.67300
2017-06-20,111.33400
2017-06-21,111.31000
2017-06-22,111.29000
2017-06-25,111.23900
2017-06-26,111.85800
2017-06-27,112.18800
2017-06-28,112.35400
2017-06-29,112.00900
2017-07-02,112.26200
2017-07-03,113.38600
2017-07-04,112.96200
2017-07-05,113.18700
2017-07-06,113.14900
2017-07-09,113.98500
2017-07-11,113.74800
2017-07-12,113.33500
2017-07-13,113.41800
2017-07-16,112.39700
2017-07-17,112.58100
2017-07-18,111.99500
2017-07-19,111.87700
2017-07-20,111.88500
2017-07-23,110.94500
2017-07-24,111.23200
2017-07-25,112.00300
2017-07-26,111.12800
2017-07-27,111.09700
2017-07-30,110.51000
2017-07-31,110.35900
2017-08-01,110.43200
2017-08-02,110.75700
2017-08-03,109.90000
2017-08-06,110.78600
2017-08-07,110.75000
2017-08-08,110.10200
2017-08-09,110.04900
2017-08-10,109.10600
2017-08-13,109.23000
2017-08-14,109.93200
2017-08-15,110.59600
2017-08-16,109.99900
2017-08-17,109.32800
2017-08-20,109.32000
2017-08-21,108.94400
2017-08-22,109.73100
2017-08-23,108.91000
2017-08-24,109.51400
2017-08-27,109.34600
2017-08-28,108.73700
2017-08-29,109.79000
2017-08-30,110.46000
2017-08-31,110.12900
2017-09-03,109.79500
2017-09-04,109.81000
2017-09-05,108.60200
2017-09-06,109.13400
2017-09-07,108.27000
2017-09-10,108.23100
2017-09-11,109.39500
2017-09-12,110.22600
2017-09-13,110.51500
2017-09-14,109.91900
2017-09-17,111.19700
2017-09-18,111.49600
2017-09-19,111.57800
2017-09-20,112.54600
2017-09-21,112.45200
2017-09-24,112.44400
2017-09-25,111.76100
2017-09-26,112.37700
2017-09-27,112.86000
2017-09-28,112.46700
2017-10-01,112.63800
2017-10-02,112.77000
2017-10-03,112.84800
2017-10-04,112.82300
2017-10-05,112.77400
2017-10-08,112.55100
2017-10-09,112.65800
2017-10-10,112.34500
2017-10-11,112.43400
2017-10-12,112.23900
2017-10-15,111.88200
2017-10-16,112.19500
2017-10-17,112.21300
2017-10-18,113.01300
2017-10-19,112.68000
2017-10-22,114.04800
2017-10-23,113.34000
2017-10-24,113.94600
2017-10-25,113.55800
2017-10-26,114.12400
2017-10-29,113.73900
2017-10-30,112.99600
2017-10-31,113.65000
2017-11-01,114.15200
2017-11-02,114.01600
2017-11-05,114.17800
2017-11-06,113.77100
2017-11-07,113.76100
2017-11-08,113.92700
2017-11-09,113.37500
2017-11-12,113.68600
2017-11-13,113.58500
2017-11-14,113.40200
2017-11-16,113.02800
2017-11-19,112.03800
2017-11-20,112.55100
2017-11-21,112.34100
2017-11-22,111.31300
2017-11-23,111.25400
2017-11-26,111.67100
2017-11-27,111.17000
2017-11-28,111.64800
2017-11-29,112.00200
2017-11-30,112.55600
2017-12-03,112.86400
2017-12-04,112.49900
2017-12-05,112.46400
2017-12-06,112.29100
2017-12-07,113.17300
2017-12-10,113.54300
2017-12-11,113.54000
2017-12-12,113.54500
2017-12-13,112.78200
2017-12-14,112.39600
2017-12-17,112.71600
2017-12-18,112.56800
2017-12-19,112.98300
2017-12-20,113.24100
2017-12-21,113.32300
2017-12-24,113.30800
2017-12-25,113.30300
2017-12-26,113.20300
2017-12-27,113.21700
2017-12-28,112.87500
2017-12-31,112.66600
2018-01-01,112.77000
2018-01-02,112.24400
2018-01-03,112.60700
2018-01-04,112.78300
2018-01-07,113.15400
2018-01-08,113.14100
2018-01-09,112.75500
2018-01-10,111.44400
2018-01-11,111.29400
2018-01-14,111.10000
2018-01-15,110.58100
2018-01-16,110.38800
2018-01-17,111.37600
2018-01-18,111.02600
2018-01-21,110.68400
2018-01-22,110.96600
2018-01-23,110.10700
2018-01-24,109.32600
2018-01-25,109.70400
2018-01-28,108.63900
2018-01-29,108.92600
2018-01-30,108.73200
2018-01-31,109.20100
2018-02-01,109.40600
2018-02-04,110.03500
2018-02-05,109.09500
2018-02-06,109.62700
2018-02-07,109.19600
2018-02-08,108.52900
2018-02-11,108.80000
2018-02-12,108.69000
2018-02-13,107.76400
2018-02-14,106.58700
2018-02-15,106.11100
2018-02-18,106.26100
2018-02-19,106.70900
2018-02-20,107.38100
2018-02-21,107.55500
2018-02-22,106.81400
2018-02-25,107.07400
2018-02-26,107.06900
2018-02-27,107.42600
2018-02-28,106.64000
2018-03-01,106.16300
2018-03-04,105.55600
2018-03-05,106.25000
2018-03-06,105.53700
2018-03-07,106.18600
2018-03-08,106.40600
2018-03-11,106.89100
2018-03-12,106.26000
2018-03-13,106.50800
2018-03-14,106.15500
2018-03-15,106.30900
2018-03-18,105.96900
2018-03-19,105.99600
2018-03-20,106.46900
2018-03-21,105.92900
2018-03-22,104.96800
2018-03-25,104.85900
2018-03-26,105.50000
2018-03-27,105.49300
2018-03-28,106.81200
2018-03-29,106.47900
2018-04-01,106.31200
2018-04-02,105.79900
2018-04-03,106.43600
2018-04-04,106.77400
2018-04-05,107.05200
2018-04-08,106.96800
2018-04-09,106.74900
2018-04-10,107.11300
2018-04-11,106.82900
2018-04-12,107.22200
2018-04-15,107.49800
2018-04-16,107.04600
2018-04-17,107.01600
2018-04-18,107.34600
2018-04-19,107.43200
2018-04-22,107.86900
2018-04-23,108.76100
2018-04-24,108.80300
2018-04-25,109.36400
2018-04-26,109.30000
2018-04-29,109.09800
2018-04-30,109.32300
2018-05-01,109.87200
2018-05-02,109.82700
2018-05-03,109.09600
2018-05-06,109.14600
2018-05-07,108.94300
2018-05-08,109.02400
2018-05-09,109.84700
2018-05-10,109.43600
2018-05-13,109.33800
2018-05-14,109.73100
2018-05-15,110.29700
2018-05-16,110.35900
2018-05-17,110.82800
2018-05-20,110.88000
2018-05-21,110.97800
2018-05-22,110.72600
2018-05-23,109.86900
2018-05-24,109.31200
2018-05-27,109.62300
2018-05-28,109.38900
2018-05-29,108.39400
2018-05-30,108.71200
2018-05-31,108.74900
2018-06-03,109.59800
2018-06-04,109.96300
2018-06-05,109.85900
2018-06-06,110.12500
2018-06-07,109.69400
2018-06-10,109.44300
2018-06-11,110.38600
2018-06-12,110.45200
2018-06-13,110.24200
2018-06-14,110.64500
2018-06-17,110.61700
2018-06-18,110.13800
2018-06-19,110.07100
2018-06-20,110.35200
2018-06-21,109.95200
2018-06-24,109.93700
2018-06-25,109.64300
2018-06-26,110.09700
2018-06-27,110.21500
2018-06-28,110.48600
2018-07-01,110.71000
2018-07-02,110.87100
2018-07-03,110.40800
2018-07-04,110.50200
2018-07-05,110.57900
2018-07-08,110.42200
2018-07-09,110.95300
2018-07-10,110.83100
2018-07-11,111.95800
2018-07-12,112.66500
2018-07-15,112.39900
2018-07-16,112.37400
2018-07-17,113.01200
2018-07-18,112.79100
2018-07-19,112.36300
2018-07-22,111.05300
2018-07-23,111.46000
2018-07-24,111.24100
2018-07-25,110.84500
2018-07-26,111.14600
2018-07-29,110.93400
2018-07-30,110.99400
2018-07-31,111.80800
2018-08-01,111.62000
2018-08-02,111.69000
2018-08-05,111.23400
2018-08-06,111.34000
2018-08-07,111.34500
2018-08-08,110.89200
2018-08-09,111.09100
2018-08-12,110.62900
2018-08-13,110.66100
2018-08-14,111.24600
2018-08-15,110.57600
2018-08-16,111.00400
2018-08-19,110.47500
2018-08-20,109.94800
2018-08-21,110.13400
2018-08-22,110.58800
2018-08-23,111.36700
2018-08-26,111.28200
2018-08-27,111.13700
2018-08-28,111.16200
2018-08-29,111.71200
2018-08-30,110.99900
2018-09-02,111.14400
2018-09-03,111.08800
2018-09-04,111.46100
2018-09-05,111.44900
2018-09-06,110.49500
2018-09-09,110.92000
2018-09-10,111.14800
2018-09-11,111.60700
2018-09-12,111.22000
2018-09-13,112.01200
2018-09-16,111.95300
2018-09-17,111.69000
2018-09-18,112.27700
2018-09-19,112.31700
2018-09-20,112.49500
2018-09-23,112.52400
2018-09-24,112.78600
2018-09-25,112.96900
2018-09-26,112.70400
2018-09-27,113.35700
2018-09-30,113.79600
2018-10-01,113.94600
2018-10-02,113.57700
2018-10-03,114.48600
2018-10-04,113.89400
2018-10-07,113.71500
2018-10-08,113.09700
2018-10-09,112.99800
2018-10-10,112.09200
2018-10-11,112.08000
2018-10-14,112.19200
2018-10-15,111.84100
2018-10-16,112.34200
2018-10-17,112.62800
2018-10-18,112.18500
2018-10-21,112.48000
2018-10-22,112.75700
2018-10-23,112.44400
2018-10-24,112.01200
2018-10-25,112.35000
2018-10-28,111.90800
2018-10-29,112.32400
2018-10-30,113.05200
2018-10-31,112.85100
2018-11-01,112.71500
2018-11-04,113.13900
2018-11-05,113.24600
2018-11-06,113.36300
2018-11-07,113.54700
2018-11-08,113.95300
2018-11-11,113.84600
2018-11-12,113.69600
2018-11-13,113.78900
2018-11-14,113.56400
2018-11-15,113.55500
2018-11-18,112.73000
2018-11-19,112.44300
2018-11-20,112.70300
2018-11-21,113.02100
2018-11-22,112.97800
2018-11-25,112.91900
2018-11-26,113.50400
2018-11-27,113.76700
2018-11-28,113.55500
2018-11-29,113.41100
2018-12-02,113.76300
2018-12-03,113.58700
2018-12-04,112.69900
2018-12-05,113.05100
2018-12-06,112.68900
2018-12-09,112.50200
2018-12-10,113.18100
2018-12-11,113.38400
2018-12-12,113.28500
2018-12-13,113.56000
2018-12-16,113.39000
2018-12-17,112.82900
2018-12-18,112.52400
2018-12-19,112.41000
2018-12-20,111.17100
2018-12-23,111.05400
2018-12-24,110.31100
2018-12-25,110.40200
2018-12-26,111.20600
2018-12-27,110.85500
2018-12-30,110.33000
2018-12-31,109.63000
2019-01-01,109.66800
2019-01-02,107.44100
2019-01-03,107.80800
2019-01-06,108.52200
2019-01-07,108.61600
2019-01-08,108.77600
2019-01-09,108.18900
2019-01-10,108.29800
2019-01-13,108.45800
2019-01-14,108.25000
2019-01-15,108.64400
2019-01-16,109.03700
2019-01-17,109.15300
2019-01-20,109.66100
2019-01-21,109.67000
2019-01-22,109.35500
2019-01-23,109.49200
2019-01-24,109.59700
2019-01-27,109.40000
2019-01-28,109.25400
2019-01-29,109.41700
2019-01-30,108.98100
2019-01-31,108.84400
2019-02-03,109.43800
2019-02-04,109.96100
2019-02-05,109.94100
2019-02-06,109.97400
2019-02-07,109.75600
2019-02-10,109.81000
2019-02-11,110.40000
2019-02-12,110.51500
2019-02-13,110.92300
2019-02-14,110.53800
2019-02-17,110.56400
2019-02-18,110.59100
2019-02-19,110.57200
2019-02-20,110.76500
2019-02-21,110.70800
2019-02-24,110.77200
2019-02-25,111.04600
2019-02-26,110.55600
2019-02-27,110.86200
2019-02-28,111.35700
2019-03-03,111.93800
2019-03-04,111.77700
2019-03-05,111.86600
2019-03-06,111.62300
2019-03-07,111.63400
2019-03-10,111.08000
2019-03-11,111.34200
2019-03-12,111.30600
2019-03-13,111.19600
2019-03-14,111.75300
2019-03-17,111.56100
2019-03-18,111.37300
2019-03-19,111.40100
2019-03-20,110.66000
2019-03-21,110.80600
2019-03-24,110.08100
2019-03-25,110.06800
2019-03-26,110.55400
2019-03-27,110.49000
2019-03-28,110.63700
2019-03-31,110.99500
2019-04-01,111.45100
2019-04-02,111.30500
2019-04-03,111.39500
2019-04-04,111.65800
2019-04-07,111.71100
2019-04-08,111.45600
2019-04-09,111.10500
2019-04-10,110.98500
2019-04-11,111.62100
2019-04-14,112.02800
2019-04-15,111.94300
2019-04-16,111.99300
2019-04-17,112.03600
2019-04-18,111.98900
2019-04-21,111.91000
2019-04-22,111.92900
2019-04-23,111.87700
2019-04-24,112.13000
2019-04-25,111.53900
2019-04-28,111.59300
2019-04-29,111.67700
2019-04-30,111.39500
2019-05-01,111.45200
2019-05-02,111.49500
2019-05-05,110.62300
2019-05-06,110.80500
2019-05-07,110.25700
2019-05-08,110.02800
2019-05-09,109.80700
2019-05-12,109.65400
2019-05-13,109.15400
2019-05-14,109.67100
2019-05-15,109.47500
2019-05-16,109.87100
2019-05-19,110.16000
2019-05-20,110.07000
2019-05-22,110.22100
2019-05-23,109.55800
2019-05-26,109.40100
2019-05-27,109.50900
2019-05-28,109.34600
2019-05-29,109.54200
2019-05-30,109.35700
2019-06-02,108.21200
2019-06-03,108.02700
2019-06-04,108.25400
2019-06-05,108.32800
2019-06-06,108.45400
2019-06-09,108.44900
2019-06-10,108.35900
2019-06-11,108.47400
2019-06-12,108.48800
2019-06-13,108.32100
2019-06-16,108.57600
2019-06-17,108.53900
2019-06-18,108.57300
2019-06-19,108.11500
2019-06-20,107.27700
2019-06-23,107.31200
2019-06-24,107.32700
2019-06-25,107.16600
2019-06-26,107.73800
2019-06-27,107.74700
2019-06-30,108.38200
2019-07-01,108.36600
2019-07-02,107.80500
2019-07-03,107.77900
2019-07-04,107.80800
2019-07-07,108.47400
2019-07-08,108.72100
2019-07-09,108.92400
2019-07-10,108.33400
2019-07-11,108.58800
2019-07-14,107.83200
2019-07-15,107.88900
2019-07-16,108.20100
2019-07-17,107.93700
2019-07-18,107.40100
2019-07-21,107.81000
2019-07-22,107.90400
2019-07-23,108.23200
2019-07-24,108.18900
2019-07-25,108.66600
2019-07-28,108.63300
2019-07-29,108.86600
2019-07-30,108.56200
2019-07-31,108.82000
2019-08-01,107.43100
2019-08-04,106.57700
2019-08-05,105.59300
2019-08-06,106.33700
2019-08-07,106.12100
2019-08-08,105.87400
2019-08-11,105.38200
2019-08-12,105.35800
2019-08-13,106.59000
2019-08-14,105.91600
2019-08-15,106.08300
2019-08-18,106.43000
2019-08-19,106.57400
2019-08-20,106.27400
2019-08-21,106.59700
2019-08-22,106.46800
2019-08-25,104.85200
2019-08-26,105.97800
2019-08-27,105.73800
2019-08-28,106.07000
2019-08-29,106.43800
2019-09-01,106.12800
2019-09-02,106.19300
2019-09-03,105.86100
2019-09-04,106.32500
2019-09-05,107.07200
2019-09-08,106.94500
2019-09-09,107.33700
2019-09-10,107.60000
2019-09-11,108.02100
2019-09-12,108.17600
2019-09-15,107.76500
2019-09-16,108.16100
2019-09-17,108.08700
2019-09-18,108.42500
2019-09-19,108.04100
2019-09-22,107.65200
2019-09-23,107.61400
2019-09-24,107.16300
2019-09-25,107.69200
2019-09-26,107.75600
2019-09-29,107.94400
2019-09-30,108.06900
2019-10-01,107.73700
2019-10-02,107.16300
2019-10-03,106.82600
2019-10-06,106.76400
2019-10-07,107.25100
2019-10-08,106.96100
2019-10-09,107.17800
2019-10-10,107.88000
2019-10-13,108.45900
2019-10-14,108.38800
2019-10-15,108.81700
2019-10-16,108.67700
2019-10-17,108.58100
2019-10-20,108.40800
2019-10-21,108.60100
2019-10-22,108.48300
2019-10-23,108.64200
2019-10-24,108.60600
2019-10-27,108.73400
2019-10-28,108.96400
2019-10-29,108.87400
2019-10-30,108.78900
2019-10-31,107.99600
2019-11-03,108.22000
2019-11-04,108.69400
2019-11-05,109.14600
2019-11-06,108.91300
2019-11-07,109.27400
2019-11-10,109.22600
2019-11-11,109.04200
2019-11-12,108.99300
2019-11-13,108.79800
2019-11-14,108.49200
2019-11-17,108.69900
2019-11-18,108.66200
2019-11-19,108.44500
2019-11-20,108.47800
2019-11-21,108.58500
2019-11-24,108.73000
2019-11-25,108.99200
2019-11-26,109.09700
2019-11-27,109.36700
2019-11-28,109.51200
2019-12-01,109.53500
2019-12-02,109.02200
2019-12-03,108.65300
2019-12-04,108.83200
2019-12-05,108.73800
2019-12-08,108.62700
2019-12-09,108.58200
2019-12-10,108.76400
2019-12-11,108.54900
2019-12-12,109.41300
2019-12-15,109.40000
2019-12-16,109.57600
2019-12-17,109.51600
2019-12-18,109.55100
2019-12-19,109.38300
2019-12-22,109.49900
2019-12-23,109.38200
2019-12-24,109.38300
2019-12-25,109.36900
2019-12-26,109.54200
2019-12-29,109.42800
2019-12-30,108.87300
2019-12-31,108.68100
2020-01-01,108.71300
2020-01-02,108.54300
2020-01-05,107.96400
2020-01-06,108.40600
2020-01-07,108.01600
2020-01-08,109.03100
2020-01-09,109.50700
2020-01-12,109.56600
2020-01-13,109.99200
2020-01-14,109.85400
2020-01-15,109.88300
2020-01-16,110.17500
2020-01-19,110.18000
2020-01-20,110.17300
2020-01-21,109.90800
2020-01-22,109.72800
2020-01-23,109.55200
2020-01-26,108.80200
2020-01-27,108.92000
2020-01-28,109.13200
2020-01-29,108.98700
2020-01-30,108.87700
2020-02-02,108.37200
2020-02-03,108.61200
2020-02-04,109.44700
2020-02-05,109.81400
2020-02-06,109.96800
2020-02-09,109.64500
2020-02-10,109.76600
2020-02-11,109.84300
2020-02-12,109.84600
2020-02-13,109.75800
2020-02-16,109.79100
2020-02-17,109.83000
2020-02-18,109.91900
2020-02-19,111.21000
2020-02-20,111.95400
2020-02-23,111.55700
2020-02-24,110.85700
2020-02-25,110.28600
2020-02-26,110.36300
2020-02-27,109.66000
2020-03-01,107.69700
2020-03-02,108.48700
2020-03-03,107.03700
2020-03-04,107.67700
2020-03-05,106.24800
2020-03-08,103.93800
2020-03-09,103.11200
2020-03-10,105.02600
2020-03-11,104.55000
2020-03-12,104.61000
2020-03-15,106.68800
2020-03-16,106.17500
2020-03-17,107.37700
2020-03-18,108.36000
2020-03-19,111.29100
2020-03-22,110.46200
2020-03-23,110.82700
2020-03-24,111.12000
2020-03-25,110.87600
2020-03-26,109.10900
2020-03-29,107.41300
2020-03-30,108.03500
2020-03-31,107.50800
2020-04-01,107.25700
2020-04-02,108.00100
2020-04-05,108.69300
2020-04-06,109.11500
2020-04-07,108.65100
2020-04-08,108.92200
2020-04-09,108.56100
2020-04-12,108.33600
2020-04-13,107.62300
2020-04-14,107.10400
2020-04-15,107.60900
2020-04-16,107.94500
2020-04-19,107.67000
2020-04-20,107.66900
2020-04-21,107.72100
2020-04-22,107.81300
2020-04-23,107.66700
2020-04-26,107.49500
2020-04-27,107.28300
2020-04-28,106.74100
2020-04-29,106.61000
2020-04-30,107.28500
2020-05-03,106.73800
2020-05-04,106.69700
2020-05-05,106.45200
2020-05-06,106.19100
2020-05-07,106.35900
2020-05-10,106.91900
2020-05-11,107.56600
2020-05-12,107.13800
2020-05-13,106.93300
2020-05-14,107.36500
2020-05-17,107.20800
2020-05-18,107.38100
2020-05-19,107.81000
2020-05-20,107.59100
2020-05-21,107.63100
2020-05-24,107.73500
2020-05-25,107.68700
2020-05-26,107.49100
2020-05-27,107.79800
2020-05-28,107.64300
2020-05-31,107.70800
2020-06-01,107.54800
2020-06-02,108.80900
2020-06-03,108.99900
2020-06-04,109.15000
2020-06-07,109.63400
2020-06-08,108.40900
2020-06-09,107.79700
2020-06-10,106.98100
2020-06-11,106.80300
2020-06-14,107.31100
2020-06-15,107.46400
2020-06-16,107.41000
2020-06-17,106.89400
2020-06-18,107.00600
2020-06-21,106.83100
2020-06-22,106.90300
2020-06-23,106.43200
2020-06-24,107.04400
2020-06-25,107.15500
2020-06-28,107.21800
2020-06-29,107.59000
2020-06-30,107.98900
2020-07-01,107.36600
2020-07-02,107.49700
2020-07-05,107.57900
2020-07-06,107.35900
2020-07-07,107.57800
2020-07-08,107.28300
2020-07-09,107.23600
2020-07-12,106.91000
2020-07-13,107.27600
2020-07-14,107.24500
2020-07-15,106.91700
2020-07-16,107.27800
2020-07-19,107.09000
2020-07-20,107.19600
2020-07-21,106.83200
2020-07-22,107.17500
2020-07-23,106.83800
2020-07-26,105.99300
2020-07-27,105.26100
2020-07-28,105.10700
2020-07-29,105.03200
2020-07-30,104.68300
2020-08-02,105.86600
2020-08-03,106.03000
2020-08-04,105.61400
2020-08-05,105.55300
2020-08-06,105.58100
2020-08-09,105.85000
2020-08-10,105.99200
2020-08-11,106.52100
2020-08-12,106.82200
2020-08-13,106.98600
2020-08-16,106.55400
2020-08-17,105.99500
2020-08-18,105.22400
2020-08-19,106.07900
2020-08-20,105.66500
2020-08-23,105.87700
2020-08-24,105.99300
2020-08-25,106.40500
2020-08-26,105.85600
2020-08-27,106.63700
2020-08-30,105.53500
2020-08-31,106.00400
2020-09-01,105.89600
2020-09-02,106.20800
2020-09-03,106.08600
2020-09-06,106.31100
2020-09-07,106.30500
2020-09-08,105.96800
2020-09-09,106.23100
2020-09-10,106.14300
2020-09-13,106.14500
2020-09-14,105.71500
2020-09-15,105.38100
2020-09-16,105.06200
2020-09-17,104.69800
2020-09-20,104.53700
2020-09-21,104.69000
2020-09-22,105.03400
2020-09-23,105.30400
2020-09-24,105.43500
2020-09-27,105.57400
2020-09-28,105.43300
2020-09-29,105.66400
2020-09-30,105.45100
2020-10-01,105.54300
2020-10-04,105.51000
2020-10-05,105.70700
2020-10-06,105.64000
2020-10-07,105.96500
2020-10-08,106.01800
2020-10-11,105.63200
2020-10-12,105.33900
2020-10-13,105.47000
2020-10-14,105.13900
2020-10-15,105.36000
2020-10-18,105.42700
2020-10-19,105.47000
2020-10-20,105.47700
2020-10-21,104.67600
2020-10-22,104.92100
2020-10-25,104.68300
2020-10-26,104.83200
2020-10-27,104.54500
2020-10-28,104.31500
2020-10-29,104.55400
2020-11-01,104.58000
2020-11-02,104.72500
2020-11-03,104.54600
2020-11-04,104.43800
2020-11-05,103.60300
2020-11-08,103.25300
2020-11-09,105.13700
2020-11-10,105.26000
2020-11-11,105.41500
2020-11-12,105.09000
2020-11-15,104.67600
2020-11-16,104.54100
2020-11-17,104.18100
2020-11-18,103.89400
2020-11-19,103.82500
2020-11-22,103.81700
2020-11-23,104.52500
2020-11-24,104.51300
2020-11-25,104.40000
2020-11-26,104.24200
2020-11-29,104.08200
2020-11-30,104.29900
2020-12-01,104.30900
2020-12-02,104.45800
2020-12-03,103.82300
2020-12-06,104.19800
2020-12-07,103.99800
2020-12-08,104.13500
2020-12-09,104.27200
2020-12-10,104.18200
2020-12-13,103.93900
2020-12-14,104.01000
2020-12-15,103.63400
2020-12-16,103.47500
2020-12-17,103.13100
2020-12-20,103.45700
2020-12-21,103.34000
2020-12-22,103.53400
2020-12-23,103.55200
2020-12-24,103.65300
2020-12-27,103.53300
2020-12-28,103.68900
2020-12-29,103.55900
2020-12-30,103.12100
2020-12-31,103.22600
2021-01-03,103.23900
2021-01-04,103.12500
2021-01-05,102.67800
2021-01-06,103.02400
2021-01-07,103.79000
2021-01-10,104.09100
2021-01-11,104.12800
2021-01-12,103.75200
2021-01-13,103.83700
2021-01-14,103.82800
2021-01-17,103.90800
2021-01-18,103.70300
2021-01-19,103.89700
2021-01-20,103.55500
2021-01-21,103.50600
2021-01-24,103.77700
2021-01-25,103.76000
2021-01-26,103.60300
2021-01-27,104.14300
2021-01-28,104.29100
2021-01-31,104.68600
2021-02-01,104.88100
2021-02-02,105.02800
2021-02-03,104.99500
2021-02-04,105.57200
2021-02-07,105.40000
2021-02-08,105.21000
2021-02-09,104.57500
2021-02-10,104.61500
2021-02-11,104.74100
2021-02-14,105.05900
2021-02-15,105.38700
2021-02-16,106.10300
2021-02-17,105.86100
2021-02-18,105.65200
2021-02-21,105.51400
2021-02-22,104.98400
2021-02-23,105.28300
2021-02-24,105.94400
2021-02-25,106.37900
2021-02-28,106.50300
2021-03-01,106.85100
2021-03-02,106.75800
2021-03-03,107.05800
2021-03-04,107.95500
2021-03-07,108.41900
2021-03-08,108.93900
2021-03-09,108.57700
2021-03-10,108.43200
2021-03-11,108.55500
2021-03-14,109.11700
2021-03-15,109.13400
2021-03-16,109.02900
2021-03-17,108.89100
2021-03-18,108.93100
2021-03-21,108.87100
2021-03-22,108.77600
2021-03-23,108.52000
2021-03-24,108.79000
2021-03-25,109.17900
2021-03-28,109.79100
2021-03-29,109.83600
2021-03-30,110.30500
2021-03-31,110.75000
2021-04-01,110.61300
2021-04-04,110.67700
2021-04-05,110.19300
2021-04-06,109.79300
2021-04-07,109.85200
2021-04-08,109.33000
2021-04-11,109.69400
2021-04-12,109.37400
2021-04-13,108.92400
2021-04-14,108.89400
2021-04-15,108.68900
2021-04-18,108.71900
2021-04-19,108.09800
2021-04-20,108.13300
2021-04-21,108.03900
2021-04-22,107.97800
2021-04-25,107.87400
2021-04-26,108.20200
2021-04-27,108.75000
2021-04-28,108.50500
2021-04-29,108.90400
2021-05-02,109.28300
2021-05-03,109.08700
2021-05-04,109.32900
2021-05-05,109.21900
2021-05-06,109.05000
2021-05-09,108.57200
2021-05-10,108.84400
2021-05-11,108.71500
2021-05-12,109.66400
2021-05-13,109.51600
2021-05-16,109.41200
2021-05-17,109.24200
2021-05-18,108.86800
2021-05-19,109.27300
2021-05-20,108.86000
2021-05-23,108.91900
2021-05-24,108.85100
2021-05-25,108.80200
2021-05-26,109.17000
2021-05-27,109.80900
2021-05-30,109.90700
2021-05-31,109.49300
2021-06-01,109.49300
2021-06-02,109.59500
2021-06-03,110.26600
2021-06-06,109.61700
2021-06-07,109.27400
2021-06-08,109.46900
2021-06-09,109.61000
2021-06-10,109.40900
2021-06-13,109.70900
2021-06-14,110.04100
2021-06-15,110.08400
2021-06-16,110.77000
2021-06-17,110.32500
2021-06-20,110.20100
2021-06-21,110.37400
2021-06-22,110.65400
2021-06-23,111.01200
2021-06-24,110.92100
2021-06-27,110.82200
2021-06-28,110.60300
2021-06-29,110.53500
2021-06-30,111.12400
2021-07-01,111.57200
2021-07-04,111.13500
2021-07-05,110.91600
2021-07-06,110.60200
2021-07-07,110.63500
2021-07-08,109.80100
2021-07-11,110.21500
2021-07-12,110.32500
2021-07-13,110.59500
2021-07-14,109.98400
2021-07-15,109.77800
2021-07-18,109.87400
2021-07-19,109.53400
2021-07-20,109.92000
2021-07-21,110.25500
2021-07-22,110.14000
2021-07-25,110.54400
2021-07-26,110.30200
2021-07-27,109.80600
2021-07-28,109.89100
2021-07-29,109.40900
2021-08-01,109.70600
2021-08-02,109.26900
2021-08-03,108.99100
2021-08-04,109.52900
2021-08-05,109.75200
2021-08-08,110.25900
2021-08-09,110.30600
2021-08-10,110.59800
2021-08-11,110.37400
2021-08-12,110.40300
2021-08-15,109.62400
2021-08-16,109.29700
2021-08-17,109.53700
2021-08-18,109.84200
2021-08-19,109.76800
2021-08-22,109.84000
2021-08-23,109.67800
2021-08-24,109.73000
2021-08-25,109.97600
2021-08-26,110.04800
2021-08-29,109.86500
2021-08-30,109.94400
2021-08-31,110.05600
2021-09-01,110.09600
2021-09-02,109.94500
2021-09-05,109.76400
2021-09-06,109.82000
2021-09-07,110.29600
2021-09-08,110.21800
2021-09-09,109.78100
2021-09-12,109.91500
2021-09-13,109.99400
2021-09-14,109.71900
2021-09-15,109.38300
2021-09-16,109.69900
2021-09-19,109.97100
2021-09-20,109.43700
2021-09-21,109.14900
2021-09-22,109.82200
2021-09-23,110.32600
2021-09-26,110.76400
2021-09-27,110.96400
2021-09-28,111.52800
2021-09-29,111.93600
2021-09-30,111.46100
2021-10-03,110.94700
2021-10-04,110.96800
2021-10-05,111.48700
2021-10-06,111.41300
2021-10-07,111.66200
2021-10-10,112.27000
2021-10-11,113.38800
2021-10-12,113.51900
2021-10-13,113.30100
2021-10-14,113.83400
2021-10-17,114.32400
2021-10-18,114.28500
2021-10-19,114.54300
2021-10-20,114.38900
2021-10-21,113.85000
2021-10-24,113.66400
2021-10-25,113.76500
2021-10-26,114.18800
2021-10-27,113.77600
2021-10-28,113.61600
2021-10-31,114.23600
2021-11-01,114.09400
2021-11-02,113.96200
2021-11-03,114.07000
2021-11-04,113.83700
2021-11-07,113.47500
2021-11-08,113.25400
2021-11-09,112.91200
2021-11-10,113.90500
2021-11-11,114.04300
2021-11-14,113.98100
2021-11-15,114.13200
2021-11-16,114.90400
2021-11-17,114.19000
2021-11-18,114.28200
2021-11-21,114.13800
2021-11-22,114.79000
2021-11-23,115.14100
2021-11-24,115.40800
2021-11-25,115.06900
2021-11-28,113.71900
2021-11-29,113.80400
2021-11-30,113.29900
2021-12-01,112.88200
2021-12-02,113.02200
2021-12-05,113.04200
2021-12-06,113.45800
2021-12-07,113.52500
2021-12-08,113.68400
2021-12-09,113.44800
2021-12-12,113.50100
2021-12-13,113.57700
2021-12-14,113.74300
2021-12-15,114.13600
2021-12-16,113.66300
2021-12-19,113.51800
2021-12-20,113.66200
2021-12-21,113.99400
2021-12-22,114.12100
2021-12-23,114.45800
2021-12-26,114.33300
2021-12-27,114.79200
2021-12-28,114.77300
2021-12-29,114.94800
2021-12-30,115.06300
2022-01-02,115.14200
2022-01-03,115.32800
2022-01-04,116.17400
2022-01-05,116.12800
2022-01-06,115.86500
2022-01-09,115.61800
2022-01-10,115.27800
2022-01-11,115.33100
2022-01-12,114.67500
2022-01-13,114.11800
2022-01-16,114.30600
2022-01-17,114.57100
2022-01-18,114.55400
2022-01-19,114.34700
2022-01-20,113.99300
2022-01-23,113.78500
2022-01-24,114.01100
2022-01-25,113.87500
2022-01-26,114.72100
2022-01-27,115.35200
2022-01-30,115.26200
2022-01-31,115.12100
2022-02-01,114.73600
2022-02-02,114.38200
2022-02-03,114.95700
2022-02-06,115.22400
2022-02-07,115.06300
2022-02-08,115.53100
2022-02-09,115.60200
2022-02-10,116.04700
2022-02-13,115.58400
2022-02-14,115.53600
2022-02-15,115.63500
2022-02-16,115.38700
2022-02-17,114.86600
2022-02-20,114.96100
2022-02-21,114.60900
2022-02-22,115.09600
2022-02-23,114.89800
2022-02-24,115.57100
2022-02-27,115.58500
2022-02-28,115.07800
2022-03-01,114.83300
2022-03-02,115.51900
2022-03-03,115.47400
2022-03-06,114.95000
2022-03-07,115.37300
2022-03-08,115.72200
2022-03-09,115.90900
2022-03-10,116.17900
2022-03-13,117.52900
2022-03-14,118.21800
2022-03-15,118.29200
2022-03-16,118.87000
2022-03-17,118.48600
2022-03-20,119.26300
2022-03-21,119.59400
2022-03-22,121.34000
2022-03-23,121.12700
2022-03-24,122.34600
2022-03-27,122.27000
2022-03-28,123.66000
2022-03-29,123.12500
2022-03-30,122.02100
2022-03-31,121.75600
2022-04-03,122.61000
2022-04-04,122.80900
2022-04-05,123.65600
2022-04-06,123.72300
2022-04-07,124.09600
2022-04-10,124.38500
2022-04-11,125.47200
2022-04-12,125.41600
2022-04-13,125.37700
2022-04-14,126.17900
2022-04-17,126.61800
2022-04-18,127.09800
2022-04-19,129.33299
2022-04-20,128.01300
2022-04-21,128.40801
2022-04-24,128.60500
2022-04-25,127.74400
2022-04-26,127.26600
2022-04-27,128.39400
2022-04-28,130.81100
2022-05-01,130.01100
2022-05-02,130.11200
2022-05-03,130.11600
2022-05-04,129.22301
2022-05-05,130.33000
2022-05-08,130.74899
2022-05-09,130.37700
2022-05-10,130.35100
2022-05-11,129.83501
2022-05-12,128.58800
2022-05-15,129.43201
2022-05-16,128.92300
2022-05-17,129.45399
2022-05-18,127.91400
2022-05-19,127.83200
2022-05-22,127.90300
2022-05-23,127.84600
2022-05-24,126.76900
2022-05-25,127.15200
2022-05-26,127.04500
2022-05-29,127.28500
2022-05-30,127.78400
2022-05-31,128.73599
2022-06-01,130.12199
2022-06-02,129.91800
2022-06-05,130.70700
2022-06-06,132.17600
2022-06-07,132.84700
2022-06-08,134.42999
2022-06-09,134.41800
2022-06-12,134.81400
2022-06-13,134.22501
2022-06-14,135.29401
2022-06-15,134.11500
2022-06-16,132.42101
2022-06-19,135.27600
2022-06-20,135.08701
2022-06-21,136.26900
2022-06-22,136.02400
2022-06-23,134.84000
2022-06-26,135.06200
2022-06-27,135.43500
2022-06-28,136.04700
2022-06-29,136.58900
2022-06-30,135.78600
2022-07-03,135.04300
2022-07-04,135.84000
2022-07-05,135.52100
2022-07-06,135.96600
2022-07-07,135.91299
2022-07-10,136.30100
2022-07-11,137.38800
2022-07-12,136.72600
2022-07-13,137.62801
2022-07-14,138.96699
2022-07-17,138.31400
2022-07-18,138.22900
2022-07-19,138.19099
2022-07-20,138.39500
2022-07-21,137.09801
2022-07-24,136.31200
2022-07-25,136.43100
2022-07-26,136.97000
2022-07-27,136.11099
2022-07-28,134.39700
2022-07-31,133.40700
2022-08-01,131.57201
2022-08-02,133.37900
2022-08-03,133.96201
2022-08-04,132.62100
2022-08-07,135.05701
2022-08-08,134.84000
2022-08-09,135.18700
2022-08-10,132.83000
2022-08-11,132.99400
2022-08-14,133.28799
2022-08-15,133.14300
2022-08-16,134.27699
2022-08-17,134.94400
2022-08-18,135.79500
2022-08-21,137.04100
2022-08-22,137.54601
2022-08-23,136.73300
2022-08-24,137.08099
2022-08-25,136.56300
2022-08-28,137.52000
2022-08-29,138.59599
2022-08-30,138.73399
2022-08-31,139.29601
2022-09-01,140.08099
2022-09-04,140.48700
2022-09-05,140.42999
2022-09-06,143.15100
2022-09-07,144.12801
2022-09-08,143.85600
2022-09-11,142.59599
2022-09-12,142.58501
2022-09-13,144.40401
2022-09-14,142.92300
2022-09-15,143.36500
2022-09-18,142.76500
2022-09-19,143.22301
2022-09-20,143.60200
2022-09-21,144.31599
2022-09-22,142.28000
2022-09-25,143.51100
2022-09-26,144.45900
2022-09-27,144.69099
2022-09-28,144.39800
2022-09-29,144.43100
2022-10-02,144.81599
2022-10-03,144.51900
2022-10-04,143.78700
2022-10-05,144.44900
2022-10-06,145.03900
2022-10-09,145.48200
2022-10-10,145.67400
2022-10-11,145.86999
2022-10-12,146.73700
2022-10-13,147.29300
2022-10-16,148.63200
2022-10-17,148.97099
2022-10-18,149.20900
2022-10-19,149.82100
2022-10-20,150.17600
2022-10-23,147.81900
2022-10-24,148.88699
2022-10-25,147.98000
2022-10-26,146.13400
2022-10-27,146.27400
2022-10-30,147.81200
2022-10-31,148.73700
2022-11-01,147.91499
2022-11-02,147.89200
2022-11-03,148.39300
2022-11-06,146.84100
2022-11-07,146.62399
2022-11-08,145.29500
2022-11-09,146.20900
2022-11-10,141.73399
2022-11-13,139.55299
2022-11-14,140.11500
2022-11-15,138.96500
2022-11-16,139.32201
2022-11-17,140.41200
2022-11-20,140.25301
2022-11-21,142.09801
2022-11-22,141.15500
2022-11-23,139.27800
2022-11-24,138.60300
2022-11-27,139.10001
2022-11-28,138.71899
2022-11-29,138.74499
2022-11-30,137.35899
2022-12-01,135.14999
2022-12-04,134.47501
2022-12-05,136.65199
2022-12-06,136.88600
2022-12-07,136.38100
2022-12-08,136.61400
2022-12-11,136.71201
2022-12-12,137.50400
2022-12-13,135.58400
2022-12-14,135.34801
2022-12-15,137.75101
2022-12-18,136.69000
2022-12-19,136.99499
2022-12-20,131.89200
2022-12-21,132.36999
2022-12-22,132.35700
2022-12-25,132.78999
2022-12-26,132.76401
2022-12-27,133.48599
2022-12-28,134.03400
2022-12-29,132.91600
2023-01-01,130.84500
2023-01-02,130.79401
2023-01-03,131.24800
2023-01-04,132.24600
2023-01-05,133.30701
2023-01-08,131.86200
2023-01-09,131.72900
2023-01-10,132.10100
2023-01-11,131.90199
2023-01-12,129.17200
2023-01-15,128.02600
2023-01-16,128.32100
2023-01-17,128.28101
2023-01-18,128.53900
2023-01-19,128.36999
2023-01-22,129.35400
2023-01-23,130.59700
2023-01-24,130.23900
2023-01-25,129.23700
2023-01-26,129.80000
2023-01-29,129.85400
2023-01-30,130.47900
2023-01-31,130.11000
2023-02-01,128.62199
2023-02-02,128.74600
2023-02-05,132.00900
2023-02-06,132.62300
2023-02-07,131.04201
2023-02-08,131.38699
2023-02-09,131.51900
2023-02-12,131.55100
2023-02-13,132.33701
2023-02-14,132.99100
2023-02-15,133.90300
2023-02-16,134.07400
2023-02-19,134.30701
2023-02-20,134.33600
2023-02-21,134.97600
2023-02-22,134.93201
2023-02-23,134.62801
2023-02-26,136.39500
2023-02-27,136.31700
2023-02-28,136.34801
2023-03-01,136.19400
2023-03-02,136.70500
2023-03-05,135.86000
2023-03-06,135.99899
2023-03-07,137.39101
2023-03-08,137.22600
2023-03-09,136.39500
2023-03-12,134.98000
2023-03-13,133.11400
2023-03-14,134.39700
2023-03-15,132.92900
2023-03-16,133.36800
2023-03-19,132.28400
2023-03-20,131.39200
2023-03-21,132.34801
2023-03-22,131.17900
2023-03-23,130.86500
2023-03-26,130.84599
2023-03-27,131.23300
2023-03-28,131.04601
2023-03-29,132.57600
2023-03-30,133.20100
2023-04-02,133.34700
2023-04-03,132.29900
2023-04-04,131.48500
2023-04-05,130.93401
2023-04-06,131.66901
2023-04-09,132.09700
2023-04-10,133.46899
2023-04-11,133.59399
2023-04-12,133.08501
2023-04-13,132.48700
2023-04-16,133.97099
2023-04-17,134.42500
2023-04-18,134.04401
2023-04-19,134.70399
2023-04-20,133.99600
2023-04-23,133.96100
2023-04-24,134.08400
2023-04-25,133.71100
2023-04-26,133.46500
2023-04-27,133.80200
2023-04-30,136.38600
2023-05-01,137.52100
2023-05-02,136.46600
2023-05-03,134.54401
2023-05-04,134.17900
2023-05-07,135.19900
2023-05-08,135.07300
2023-05-09,135.28799
2023-05-10,134.08701
2023-05-11,134.49800
2023-05-14,135.82201
2023-05-15,136.04500
2023-05-16,136.42999
2023-05-17,137.61400
2023-05-18,138.61999
2023-05-21,137.69200
2023-05-22,138.67200
2023-05-23,138.59801
2023-05-24,139.28301
2023-05-25,140.01700
2023-05-28,140.87100
2023-05-29,140.44099
2023-05-30,139.79201
2023-05-31,139.12700
2023-06-01,138.74800
2023-06-04,140.20700
2023-06-05,139.38300
2023-06-06,139.52699
2023-06-07,139.89900
2023-06-08,138.86301
2023-06-11,139.37100
2023-06-12,139.46001
2023-06-13,140.17700
2023-06-14,139.97700
2023-06-15,140.26800
2023-06-18,141.86700
2023-06-19,141.89900
2023-06-20,141.33501
2023-06-21,141.68800
2023-06-22,143.03000
2023-06-25,143.54100
2023-06-26,143.46001
2023-06-27,143.88200
2023-06-28,144.38901
2023-06-29,144.78000
2023-07-02,144.39800
2023-07-03,144.58400
2023-07-04,144.40601
2023-07-05,144.48900
2023-07-06,143.95100
2023-07-09,142.20900
2023-07-10,141.29700
2023-07-11,140.11800
2023-07-12,138.31500
2023-07-13,138.07500
2023-07-16,138.68201
2023-07-17,138.72900
2023-07-18,139.02699
2023-07-19,139.59801
2023-07-20,139.86400
2023-07-23,141.75000
2023-07-24,141.52200
2023-07-25,140.91299
2023-07-26,140.36700
2023-07-27,138.86400
2023-07-30,140.75800
2023-07-31,142.32300
2023-08-01,142.97000
2023-08-02,143.34399
2023-08-03,142.59801
2023-08-06,141.87601
2023-08-07,142.52400
2023-08-08,143.27800
2023-08-09,143.72700
2023-08-10,144.85400
2023-08-13,144.81700
2023-08-14,145.43700
2023-08-15,145.60800
2023-08-16,146.33299
2023-08-17,145.71400
2023-08-20,145.30499
2023-08-21,146.23801
2023-08-22,145.76300
2023-08-23,144.67300
2023-08-24,146.06700
2023-08-27,146.53101
2023-08-28,146.46400
2023-08-29,145.98801
2023-08-30,146.09900
2023-08-31,145.47301
2023-09-03,146.05701
2023-09-04,146.54300
2023-09-05,147.47099
2023-09-06,147.70900
2023-09-07,147.33099
2023-09-10,147.11301
2023-09-11,146.67799
2023-09-12,147.15801
2023-09-13,147.34599
2023-09-14,147.48200
2023-09-17,147.86800
2023-09-18,147.60500
2023-09-19,147.74200
2023-09-20,148.32100
2023-09-21,147.64400
2023-09-24,148.43401
2023-09-25,148.81100
2023-09-26,149.04500
2023-09-27,149.49800
2023-09-28,149.33701
2023-10-01,149.53999
2023-10-02,149.85100
2023-10-03,149.19200
2023-10-04,148.96600
2023-10-05,148.46300
2023-10-08,149.16000
2023-10-09,148.32700
2023-10-10,148.62801
2023-10-11,149.03600
2023-10-12,149.78999
2023-10-15,149.56599
2023-10-16,149.57800
2023-10-17,149.75900
2023-10-18,149.74200
2023-10-19,149.80200
2023-10-22,149.88001
2023-10-23,149.76900
2023-10-24,149.85400
2023-10-25,150.09801
2023-10-26,150.36600
2023-10-29,149.73300
2023-10-30,149.11099
2023-10-31,151.29401
2023-11-01,150.57500
2023-11-02,150.49699
2023-11-05,149.44900
2023-11-06,149.98900
2023-11-07,150.39600
2023-11-08,150.86400
2023-11-09,151.34900
2023-11-12,151.46899
2023-11-13,151.64600
2023-11-14,150.48500
2023-11-15,151.21500
2023-11-16,150.70500
2023-11-19,149.94200
2023-11-20,148.36200
2023-11-21,148.15199
2023-11-22,149.46001
2023-11-23,149.63500
2023-11-26,149.57100
2023-11-27,148.45200
2023-11-28,147.06300
2023-11-29,147.03900
2023-11-30,147.99899
2023-12-03,146.39300
2023-12-04,147.32700
2023-12-05,147.18500
2023-12-06,147.18401
2023-12-07,144.27800
2023-12-10,144.98300
2023-12-11,146.08501
2023-12-12,145.28000
2023-12-13,142.77300
2023-12-14,142.27901
2023-12-17,142.31300
2023-12-18,142.72200
2023-12-19,143.88901
2023-12-20,143.52300
2023-12-21,142.07001
2023-12-24,142.34199
2023-12-25,142.23000
2023-12-26,142.46100
2023-12-27,141.39900
2023-12-28,141.42999
2023-12-31,140.95200
2024-01-01,141.12601
2024-01-02,142.15500
2024-01-03,142.99899
2024-01-04,144.76500
2024-01-07,144.71600
2024-01-08,144.23000
2024-01-09,144.42799
2024-01-10,145.73399
2024-01-11,145.04601
2024-01-14,145.14900
2024-01-15,145.79401
2024-01-16,147.24600
2024-01-17,148.11800
2024-01-18,148.12801
2024-01-21,148.12100
2024-01-22,148.14200
2024-01-23,148.25101
2024-01-24,147.59100
2024-01-25,147.72301
2024-01-28,148.14000
2024-01-29,147.46800
2024-01-30,147.36900
2024-01-31,146.99600
2024-02-01,146.45100
2024-02-04,148.50101
2024-02-05,148.64000
2024-02-06,147.81799
2024-02-07,148.08600
2024-02-08,149.25900
2024-02-11,149.16701
2024-02-12,149.40500
2024-02-13,150.72400
2024-02-14,150.54401
2024-02-15,149.94600
2024-02-18,150.09100
2024-02-19,150.27000
2024-02-20,149.93900
2024-02-21,150.35500
2024-02-22,150.48300
2024-02-25,150.49800
2024-02-26,150.56599
2024-02-27,150.49499
2024-02-28,150.65601
2024-02-29,150.09500
2024-03-03,150.10500
2024-03-04,150.46600
2024-03-05,150.04900
2024-03-06,149.26900
2024-03-07,147.86800
2024-03-10,146.77400
2024-03-11,146.73200
2024-03-12,147.61900
2024-03-13,147.62100
2024-03-14,148.29601
2024-03-17,148.95500
2024-03-18,149.14400
2024-03-19,151.03500
2024-03-20,150.76000
2024-03-21,151.63300
2024-03-24,151.30499
2024-03-25,151.37300
2024-03-26,151.53000
2024-03-27,151.28700
2024-03-28,151.44000
2024-03-31,151.39800
2024-04-01,151.58099
2024-04-02,151.53999
2024-04-03,151.58099
2024-04-04,151.29201
2024-04-07,151.69000
2024-04-08,151.84300
2024-04-09,151.77699
2024-04-10,152.96400
2024-04-11,153.19200
2024-04-14,153.28301
2024-04-15,154.20599
2024-04-16,154.69800
2024-04-17,154.34199
2024-04-18,154.61000
2024-04-21,154.64000
2024-04-22,154.81300
2024-04-23,154.74400
2024-04-24,155.25900
2024-04-25,155.59700
2024-04-28,158.22400
2024-04-29,156.31400
2024-04-30,157.72200
2024-05-01,155.70399
2024-05-02,153.04500
2024-05-05,153.56599
2024-05-06,154.23700
2024-05-07,154.74800
2024-05-08,155.41901
2024-05-09,155.38901
2024-05-12,155.81799
2024-05-13,156.23300
2024-05-14,156.49800
2024-05-15,154.28200
2024-05-16,155.37900
2024-05-19,155.75400
2024-05-20,156.36999
2024-05-21,156.25101
2024-05-22,156.70399
2024-05-23,156.97301
2024-05-26,156.86999
2024-05-27,156.84500
2024-05-28,157.26199
2024-05-29,157.60800
2024-05-30,156.95300
2024-06-02,157.17999
2024-06-03,156.07600
2024-06-04,155.12399
2024-06-05,155.92900
2024-06-06,155.69701
2024-06-09,156.83299
2024-06-10,157.03999
2024-06-11,157.10500
2024-06-12,156.80000
2024-06-13,157.12801
2024-06-16,157.54601
2024-06-17,157.70000
2024-06-18,157.87100
2024-06-19,157.95799
2024-06-20,158.93100
2024-06-23,159.86099
2024-06-24,159.68600
2024-06-25,159.68600
2024-06-26,160.62100
2024-06-27,160.68700
2024-06-30,160.90700
2024-07-01,161.51199
2024-07-02,161.50400
2024-07-03,161.62100
2024-07-04,161.35800
2024-07-07,160.63800
2024-07-08,160.85700
2024-07-09,161.33099
2024-07-10,161.60700
2024-07-11,158.20100
2024-07-14,158.31300
2024-07-15,158.14101
2024-07-16,158.35001
2024-07-17,155.68600
2024-07-18,157.14999
2024-07-21,157.42200
2024-07-22,156.89101
2024-07-23,155.76800
2024-07-24,153.89101
2024-07-25,153.69701
2024-07-28,154.13901
2024-07-29,153.83299
2024-07-30,152.67000
2024-07-31,149.74400
2024-08-01,149.20100
2024-08-04,145.58400
2024-08-05,145.78999
2024-08-06,144.73200
2024-08-07,146.12399
2024-08-08,147.66901
2024-08-11,147.04201
2024-08-12,146.98200
2024-08-13,146.97099
2024-08-14,147.25301
2024-08-15,149.22200
2024-08-18,147.95599
2024-08-19,146.69900
2024-08-20,145.34700
2024-08-21,145.11800
2024-08-22,146.20200
2024-08-25,144.00000
2024-08-26,144.51601
2024-08-27,143.97501
2024-08-28,144.43300
2024-08-29,144.89000
2024-09-01,146.38100
2024-09-02,146.72200
2024-09-03,145.35300
2024-09-04,143.32400
2024-09-05,143.39300
2024-09-08,142.48599
2024-09-09,143.17700
2024-09-10,142.23399
2024-09-11,142.59000
2024-09-12,141.49899
2024-09-15,140.78999
2024-09-16,140.64999
2024-09-17,140.60200
